-- phpMyAdmin SQL Dump
-- version 5.1.0
-- https://www.phpmyadmin.net/
--
-- Хост: 127.0.0.1:3306
-- Время создания: Ноя 13 2021 г., 15:12
-- Версия сервера: 8.0.24
-- Версия PHP: 8.0.8

SET SQL_MODE = "NO_AUTO_VALUE_ON_ZERO";
START TRANSACTION;
SET time_zone = "+00:00";


/*!40101 SET @OLD_CHARACTER_SET_CLIENT=@@CHARACTER_SET_CLIENT */;
/*!40101 SET @OLD_CHARACTER_SET_RESULTS=@@CHARACTER_SET_RESULTS */;
/*!40101 SET @OLD_COLLATION_CONNECTION=@@COLLATION_CONNECTION */;
/*!40101 SET NAMES utf8mb4 */;

--
-- База данных: `puzzle_test`
--

-- --------------------------------------------------------

--
-- Структура таблицы `countries`
--

CREATE TABLE `countries` (
  `id` bigint NOT NULL,
  `name` text COLLATE utf8mb4_unicode_ci NOT NULL,
  `printed_name` text COLLATE utf8mb4_unicode_ci NOT NULL,
  `is_active` tinyint(1) NOT NULL DEFAULT '1',
  `country_categories_id` bigint NOT NULL
) ENGINE=InnoDB DEFAULT CHARSET=utf8mb4 COLLATE=utf8mb4_unicode_ci;

--
-- Дамп данных таблицы `countries`
--

INSERT INTO `countries` (`id`, `name`, `printed_name`, `is_active`, `country_categories_id`) VALUES
(1, 'Бангладеш', 'Bangladesh', 1, 1),
(2, 'Бахрейн', 'Bahrain', 1, 1),
(3, 'Бруней', 'Brunei ', 1, 1),
(4, 'Бутан', 'Bhutan', 1, 1),
(5, 'Восточный Тимор', 'East Timor', 1, 1),
(6, 'Вьетнам', 'Vietnam', 1, 1),
(7, 'Гонконг (Сянган)', 'Hong Kong', 1, 1),
(8, 'Израиль', 'Israel', 1, 1),
(9, 'Индия', 'India', 1, 1),
(10, 'Индонезия', 'Indonesia', 1, 1),
(11, 'Иордания', 'Jordan', 1, 1),
(12, 'Камбоджа', 'Cambodia', 1, 1),
(13, 'Катар', 'Qatar', 1, 1),
(14, 'Китай', 'China', 1, 1),
(15, 'КНДР', 'Сorea, Democratic Peoples Republic', 1, 1),
(16, 'Кувейт', 'Kuwait', 1, 1),
(17, 'Лаос', 'Laos', 1, 1),
(18, 'Ливан', 'Lebanon', 1, 1),
(19, 'Макао (Аомынь)', 'Makau', 1, 1),
(20, 'Малайзия', 'Malaysia', 1, 1),
(21, 'Мальдивы', 'Maldives', 1, 1),
(22, 'Монголия', 'Mongolia', 1, 1),
(23, 'Мьянма ( Бирма )', 'Burma', 1, 1),
(24, 'Непал', 'Nepal', 1, 1),
(25, 'ОАЭ', 'United Arab Emirates', 1, 1),
(26, 'Оман', 'Oman', 1, 1),
(27, 'Саудовская Аравия', 'Saudi Arabia', 1, 1),
(28, 'Сингапур ', 'Singapore', 1, 1),
(29, 'Тайвань', 'Taiwan', 1, 1),
(30, 'Таиланд', 'Thailand', 1, 1),
(31, 'Турция ', 'Turkey', 1, 1),
(32, 'Филиппины', 'Philippines', 1, 1),
(33, 'Шри-Ланка ', 'Sri Lanka', 1, 1),
(34, 'Южная Корея', ' Korea, South', 1, 1),
(35, 'Ангола', 'Angola', 1, 1),
(36, 'Бенин', 'Benin', 1, 1),
(37, 'Ботсвана', 'Botswana', 1, 1),
(38, 'Буркина-Фасо', 'Burkina Faso', 1, 1),
(39, 'Бурунди', 'Burundi', 1, 1),
(40, 'Габон', 'Gabon', 1, 1),
(41, 'Гамбия', 'Gambia,The', 1, 1),
(42, 'Гана', 'Ghana', 1, 1),
(43, 'Гвинея', 'Guinea', 1, 1),
(44, 'Гвинея-Бисау', 'Guinea-Bissau', 1, 1),
(45, 'Демократическая Республика Конго', 'Congo Democratic Republic of the ', 1, 1),
(46, 'Джибути', 'Djibouti', 1, 1),
(47, 'Египет', 'Egypt', 1, 1),
(48, 'Замбия', 'Zambia', 1, 1),
(49, 'Западная Сахара', 'Western Sahara', 1, 1),
(50, 'Зимбабве', 'Zimbabwe', 1, 1),
(51, 'Кабо-Верде', 'Cape Verde', 1, 1),
(52, 'Коморские острова', 'Comoros', 1, 1),
(53, 'Кот-д\'Ивуар', 'Cote d^Ivoire', 1, 1),
(54, 'Лесото', 'Lesotho', 1, 1),
(55, 'Либерия', 'Liberia', 1, 1),
(56, 'Маврикий', 'Mauritius', 1, 1),
(57, 'Мавритания', 'Mauritania', 1, 1),
(58, 'Мадагаскар', 'Madagascar', 1, 1),
(59, 'Малави', 'Malawi', 1, 1),
(60, 'Мали', 'Mali', 1, 1),
(61, 'Марокко', 'Morocco', 1, 1),
(62, 'Мозамбик', 'Mozambique', 1, 1),
(63, 'Намибия', 'Namibia', 1, 1),
(64, 'Народная Республика Конго', 'Congo, Republic of the', 1, 1),
(65, 'Нигер', 'Niger', 1, 1),
(66, 'Остров Буве', 'Bouvet Island', 1, 1),
(67, 'Остров Майотта', 'Mayotte', 1, 1),
(68, 'Реюньон', 'Reunion', 1, 1),
(69, 'Руанда', 'Rwanda', 1, 1),
(70, 'Сан-Томе и Принсипи', 'Sao Tome and Principe', 1, 1),
(71, 'Свазиленд', 'Swaziland', 1, 1),
(72, 'Святой Елены Остров', 'Saint Helena', 1, 1),
(73, 'Сейшельские острова', 'Seychelles', 1, 1),
(74, 'Сенегал', 'Senegal', 1, 1),
(75, 'Сьерра-Леоне', 'Sierra Leone', 1, 1),
(76, 'Танзания', 'Tanzania', 1, 1),
(77, 'Того', 'Togo', 1, 1),
(78, 'Уганда', 'Uganda', 1, 1),
(79, 'Центрально-Африканская республика', 'Central African Refublic', 1, 1),
(80, 'ЧАД', 'Chad', 1, 1),
(81, 'Экваториальная Гвинея', 'Equatorial Guinea', 1, 1),
(82, 'Эритрея', 'Eritrea', 1, 1),
(83, 'Южно-Африканская Республика ', 'South Africa ', 1, 1),
(84, 'Албания', 'Albania', 1, 1),
(85, 'Андорра', 'Andorra', 1, 1),
(86, 'Босния и Герцеговина', 'Bosnia and Herzegovina', 1, 1),
(87, 'Ватикан', 'Vatican', 1, 1),
(88, 'Гибралтар', 'Giblartar', 1, 1),
(89, 'Исландия', 'Iceland', 1, 1),
(90, 'Македония', 'Macedonia', 1, 1),
(91, 'Монако', 'Monaco', 1, 1),
(92, 'Сан-Марино ', 'San Marino', 1, 1),
(93, 'Сербия и Черногория', 'Serbia', 1, 1),
(94, 'Фарерские острова', 'Faroe Islands', 1, 1),
(95, 'Черногория', 'Montenegro', 1, 1),
(96, 'Гренландия', 'Greenland', 1, 1),
(97, 'Мексика', 'Mexico', 1, 1),
(98, 'Сен-Пьер и Микелон', 'Saint Pierre and Miquelon', 1, 1),
(99, 'Ангилья ( Ангуилла )', 'Anguilla', 1, 1),
(100, 'Антигуа и Барбуда', 'Antigua and Barbaru', 1, 1),
(101, 'Аруба', 'Aruba', 1, 1),
(102, 'Багамские острова', 'Bahamas, the', 1, 1),
(103, 'Барбадос', 'Barbados', 1, 1),
(104, 'Белиз', 'Belize', 1, 1),
(105, 'Бермудские острова', 'Bermuda', 1, 1),
(106, 'Британские Виргинские острова', 'British Virgin Islands, ', 1, 1),
(107, 'Виргинские острова', 'Virgin Islands', 1, 1),
(108, 'Гаити', 'Haiti', 1, 1),
(109, 'Гваделупа', 'Guadeloupe', 1, 1),
(110, 'Гватемала', 'Guatemala', 1, 1),
(111, 'Гондурас', 'Honduras', 1, 1),
(112, 'Гренада', 'Grenada', 1, 1),
(113, 'Доминика', 'Dominica', 1, 1),
(114, 'Доминиканская республика', 'Dominican Republic', 1, 1),
(115, 'Каймановы острова', 'Cayman Islands', 1, 1),
(116, 'Коста-Рика', 'Costa Rica', 1, 1),
(117, 'Куба', 'Cuba', 1, 1),
(118, 'Мартиника', 'Martinique', 1, 1),
(119, 'Монтсеррат', 'Montserrat', 1, 1),
(120, 'Нидерландские Антиллы', 'Netherlands Antilles', 1, 1),
(121, 'Никарагуа', 'Nicaragua', 1, 1),
(122, 'Остров Клиппертон', 'Clipperton Island', 1, 1),
(123, 'Остров Навасса', 'Island Navassa', 1, 1),
(124, 'Панама', 'Panama', 1, 1),
(125, 'Пуэрто-Рико', 'Puerto Rico', 1, 1),
(126, 'Сент-Винсент и Гренадины', 'Saint Vincent and the Grenadines', 1, 1),
(127, 'Сент-Китс и Невис', 'Saint Kitts and Nevis', 1, 1),
(128, 'Сент-Люсия', 'Saint Lucia', 1, 1),
(129, 'Тёркс и Кайкос', 'Turks and Caicos Islands', 1, 1),
(130, 'Тринидад и Тобаго', 'Trinidad and Tobago', 1, 1),
(131, 'Эль-Сальвадор', 'El Salvador', 1, 1),
(132, 'Ямайка', 'Jamaica', 1, 1),
(133, 'Аргентина', 'Argentina', 1, 1),
(134, 'Боливия', 'Bolivia', 1, 1),
(135, 'Бразилия', 'Brazil', 1, 1),
(136, 'Венесуэла', 'Venezuela', 1, 1),
(137, 'Гайана', 'Guyana', 1, 1),
(138, 'Гвиана', 'French Guiana', 1, 1),
(139, 'Колумбия', 'Colombia', 1, 1),
(140, 'Парагвай', 'Paraguay', 1, 1),
(141, 'Перу', 'Peru', 1, 1),
(142, 'Суринам', 'Suriname', 1, 1),
(143, 'Уругвай', 'Uruguay', 1, 1),
(144, 'Фолклендские (Мальвинские) острова', 'Falkland Islands (Islas Malvinas)', 1, 1),
(145, 'Чили', 'Chile', 1, 1),
(146, 'Грузия', 'Georgia', 1, 1),
(147, 'Эквадор', 'Ecuador', 1, 1),
(148, 'Азербайджан', 'Azerbaijan', 1, 1),
(149, 'Армения', 'Armenia', 1, 1),
(150, 'Беларусь', 'Belarus', 1, 1),
(151, 'Киргизия', 'Kyrgyzstan', 1, 1),
(152, 'Молдавия', 'Moldova', 1, 1),
(153, 'Россия', 'Russia', 1, 1),
(154, 'Таджикистан', 'Tajikistan', 1, 1),
(155, 'Туркменистан', 'Turkmenistan', 1, 1),
(156, 'Узбекистан', 'Uzbekistan', 1, 1),
(157, 'Украина', 'Ukraine', 1, 1),
(158, 'Южная Георгия и южные Сандвичевы острова', 'South Georgia and the South Sandwich Islands', 1, 1),
(159, 'Шенген ', 'Schengen ', 1, 2),
(160, 'Австрия', 'Schengen ', 1, 2),
(161, 'Бельгия', 'Schengen ', 1, 2),
(162, 'Болгария', 'Bulgaria', 1, 2),
(163, 'Великобритания', 'United Kingdom', 1, 2),
(164, 'Венгрия', 'Schengen ', 1, 2),
(165, 'Германия', 'Schengen ', 1, 2),
(166, 'Греция', 'Schengen ', 1, 2),
(167, 'Дания', 'Schengen ', 1, 2),
(168, 'Ирландия', 'Ireland', 1, 2),
(169, 'Исландия', 'Schengen ', 1, 2),
(170, 'Испания', 'Schengen ', 1, 2),
(171, 'Италия', 'Schengen ', 1, 2),
(172, 'Кипр', 'Cyprus', 1, 2),
(173, 'Латвия', 'Schengen ', 1, 2),
(174, 'Литва', 'Schengen ', 1, 2),
(175, 'Лихтенштейн', 'Schengen ', 1, 2),
(176, 'Люксембург', 'Schengen ', 1, 2),
(177, 'Мальта', 'Schengen ', 1, 2),
(178, 'Нидерланды', 'Schengen ', 1, 2),
(179, 'Норвегия', 'Schengen ', 1, 2),
(180, 'Польша', 'Schengen ', 1, 2),
(181, 'Португалия ', 'Schengen ', 1, 2),
(182, 'Румыния', 'Romania', 1, 2),
(183, 'Словакия', 'Schengen ', 1, 2),
(184, 'Словения', 'Schengen ', 1, 2),
(185, 'Финляндия', 'Schengen ', 1, 2),
(186, 'Франция', 'Schengen ', 1, 2),
(187, 'Хорватия', 'Croatia', 1, 2),
(188, 'Чехия', 'Schengen ', 1, 2),
(189, 'Швейцария ', 'Schengen ', 1, 2),
(190, 'Швеция', 'Schengen ', 1, 2),
(191, 'Эстония', 'Schengen ', 1, 2),
(192, 'Австралия', 'Australia', 1, 3),
(193, 'Британские территории в Индийском океане', 'British Indian Ocean Territory', 1, 3),
(194, 'Вануату', 'Vanuatu', 1, 3),
(195, 'Восточное (Американское) Самоа', ' American Samoa', 1, 3),
(196, 'Гуам', 'Guam', 1, 3),
(197, 'Западное Самоа', 'West Samoa', 1, 3),
(198, 'Кирибати', 'Kiribati', 1, 3),
(199, 'Кокосовые острова', 'Cocos (Keeling) Islands', 1, 3),
(200, 'Кука острова', 'Cook Islands', 1, 3),
(201, 'Маршаловы острова', 'Marshall Islands', 1, 3),
(202, 'Мидуэй', 'Miduey', 1, 3),
(203, 'Микронезия', 'Micronesia, Federated States', 1, 3),
(204, 'Науру', 'Nauru', 1, 3),
(205, 'Ниуэ', 'Niue', 1, 3),
(206, 'Новая Зеландия', 'New Zealand', 1, 3),
(207, 'Новая Каледония', 'New Caledonia', 1, 3),
(208, 'Норфолк', 'Norfolk Island', 1, 3),
(209, 'Остров Бейкер', 'Island Beyker ', 1, 3),
(210, 'Палау', 'Palau', 1, 3),
(211, 'Папуа-Новая Гвинея', 'Papua New Guinea', 1, 3),
(212, 'Питкэрн', 'Pitcairn', 1, 3),
(213, 'Рождества остров', 'Christmas Island', 1, 3),
(214, 'Северные Марианские острова', 'Nortern Mariana Islands', 1, 3),
(215, 'Соломоновы острова', 'Solomon Islands', 1, 3),
(216, 'Токелау', 'Tokelau', 1, 3),
(217, 'Тонга', 'Tonga', 1, 3),
(218, 'Тувалу', 'Tuvalu', 1, 3),
(219, 'Уоллис и Футуна', 'Wallis and Futuna', 1, 3),
(220, 'Уэйк', 'Ueyk', 1, 3),
(221, 'Фиджи', 'Fiji', 1, 3),
(222, 'Французская полинезия', 'Frencn polinesia', 1, 3),
(223, 'Канада', 'Canada', 1, 3),
(224, 'США', 'United States of America (USA)', 1, 3),
(225, 'Япония', 'Japan', 1, 3);

-- --------------------------------------------------------

--
-- Структура таблицы `country_categories`
--

CREATE TABLE `country_categories` (
  `id` bigint NOT NULL,
  `name` text COLLATE utf8mb4_unicode_ci NOT NULL,
  `is_active` tinyint(1) NOT NULL DEFAULT '1',
  `description` text COLLATE utf8mb4_unicode_ci NOT NULL
) ENGINE=InnoDB DEFAULT CHARSET=utf8mb4 COLLATE=utf8mb4_unicode_ci;

--
-- Дамп данных таблицы `country_categories`
--

INSERT INTO `country_categories` (`id`, `name`, `is_active`, `description`) VALUES
(1, 'Территория 1', 1, 'Страны массового туризма и страны, не входящие в территории 2 и 3'),
(2, 'Территория 2', 1, 'Страны Шенген зоны, Евросоюза и Европейские государства'),
(3, 'Территория 3', 1, 'США, Канада, Япония, Австралия');

-- --------------------------------------------------------

--
-- Структура таблицы `insurances`
--

CREATE TABLE `insurances` (
  `id` bigint NOT NULL,
  `country_categories_id` bigint NOT NULL,
  `insurance_price` int NOT NULL,
  `is_active` tinyint(1) NOT NULL DEFAULT '1',
  `symbols` int NOT NULL DEFAULT '1' COMMENT 'Если 1 то доллар\r\nЕсли 2 это евро'
) ENGINE=InnoDB DEFAULT CHARSET=utf8mb4 COLLATE=utf8mb4_unicode_ci;

--
-- Дамп данных таблицы `insurances`
--

INSERT INTO `insurances` (`id`, `country_categories_id`, `insurance_price`, `is_active`, `symbols`) VALUES
(1, 1, 10000, 1, 1),
(2, 1, 10000, 1, 2),
(3, 1, 20000, 1, 1),
(4, 1, 20000, 1, 2),
(5, 1, 30000, 1, 1),
(6, 1, 30000, 1, 2),
(7, 2, 30000, 1, 2),
(8, 2, 50000, 1, 2),
(9, 2, 70000, 1, 2),
(10, 3, 30000, 1, 1),
(11, 3, 50000, 1, 1),
(12, 3, 70000, 1, 1);

-- --------------------------------------------------------

--
-- Структура таблицы `requests`
--

CREATE TABLE `requests` (
  `id` bigint NOT NULL,
  `fio` text COLLATE utf8mb4_unicode_ci NOT NULL,
  `phone` text CHARACTER SET utf8mb4 COLLATE utf8mb4_unicode_ci NOT NULL,
  `country_id` bigint NOT NULL,
  `visit_type` bigint NOT NULL,
  `visit_target` bigint NOT NULL,
  `insurance_id` int NOT NULL,
  `date_between` text COLLATE utf8mb4_unicode_ci NOT NULL,
  `days` int NOT NULL,
  `tarif` double NOT NULL,
  `pay_summ` double NOT NULL,
  `status` tinyint(1) NOT NULL DEFAULT '1',
  `time_created` datetime NOT NULL
) ENGINE=InnoDB DEFAULT CHARSET=utf8mb4 COLLATE=utf8mb4_unicode_ci;

--
-- Дамп данных таблицы `requests`
--

INSERT INTO `requests` (`id`, `fio`, `phone`, `country_id`, `visit_type`, `visit_target`, `insurance_id`, `date_between`, `days`, `tarif`, `pay_summ`, `status`, `time_created`) VALUES
(1, 'Абуова Рысбуби Жолдыбаевна', '+77077077077', 192, 0, 1, 10, '14.11.2021 — 21.11.2021', 8, 2.04, 16.32, 1, '2021-11-13 18:05:27'),
(2, 'Жангирхан', '+77476644108', 192, 0, 1, 10, '14.11.2021 — 21.11.2021', 8, 2.04, 16.32, 1, '2021-11-13 18:06:09'),
(3, 'Жангирхан', '+77476644108', 192, 0, 1, 10, '14.11.2021 — 21.11.2021', 8, 2.04, 16.32, 1, '2021-11-13 18:09:54'),
(4, 'Жангирхан', '+77476644108', 192, 0, 1, 10, '14.11.2021 — 21.11.2021', 8, 2.04, 16.32, 1, '2021-11-13 18:11:58');

-- --------------------------------------------------------

--
-- Структура таблицы `tarifs`
--

CREATE TABLE `tarifs` (
  `id` bigint NOT NULL,
  `name` text COLLATE utf8mb4_unicode_ci NOT NULL,
  `visit_target_id` bigint NOT NULL,
  `tarif_start_day` bigint NOT NULL,
  `tarif_end_day` bigint NOT NULL,
  `insurance_id` bigint NOT NULL,
  `factor` double NOT NULL,
  `is_active` int NOT NULL DEFAULT '1'
) ENGINE=InnoDB DEFAULT CHARSET=utf8mb4 COLLATE=utf8mb4_unicode_ci;

--
-- Дамп данных таблицы `tarifs`
--

INSERT INTO `tarifs` (`id`, `name`, `visit_target_id`, `tarif_start_day`, `tarif_end_day`, `insurance_id`, `factor`, `is_active`) VALUES
(1, '1-6 дней', 1, 1, 6, 1, 0.68, 1),
(2, '1-6 дней', 1, 1, 6, 2, 0.68, 1),
(3, '7-13 дней', 1, 7, 13, 1, 0.65, 1),
(4, '7-13 дней', 1, 7, 13, 2, 0.65, 1),
(5, '14-29 дней', 1, 14, 29, 1, 0.6, 1),
(6, '14-29 дней', 1, 14, 29, 2, 0.6, 1),
(7, '30-59 дней', 1, 30, 59, 1, 0.54, 1),
(8, '30-59 дней', 1, 30, 59, 2, 0.54, 1),
(9, '60-89 дней', 1, 60, 89, 1, 0.48, 1),
(10, '60-89 дней', 1, 60, 89, 2, 0.48, 1),
(11, '90 дней до 1 года', 1, 90, 356, 1, 0.44, 1),
(12, '90 дней до 1 года', 1, 90, 356, 2, 0.44, 1),
(13, '1-6 дней', 1, 1, 6, 3, 0.88, 1),
(14, '1-6 дней', 1, 1, 6, 4, 0.88, 1),
(15, '7-13 дней', 1, 7, 13, 3, 0.84, 1),
(16, '7-13 дней', 1, 7, 13, 4, 0.84, 1),
(17, '14-29 дней', 1, 14, 29, 3, 0.77, 1),
(18, '14-29 дней', 1, 14, 29, 4, 0.77, 1),
(19, '30-59 дней', 1, 30, 59, 3, 0.7, 1),
(20, '30-59 дней', 1, 30, 59, 4, 0.7, 1),
(21, '60-89 дней', 1, 60, 89, 3, 0.62, 1),
(22, '60-89 дней', 1, 60, 89, 4, 0.62, 1),
(23, '90 дней до 1 года', 1, 90, 356, 3, 0.57, 1),
(24, '90 дней до 1 года', 1, 90, 356, 4, 0.57, 1),
(25, '1-6 дней', 1, 1, 6, 5, 1.08, 1),
(26, '1-6 дней', 1, 1, 6, 6, 1.08, 1),
(27, '7-13 дней', 1, 7, 13, 5, 1.04, 1),
(28, '7-13 дней', 1, 7, 13, 6, 1.04, 1),
(29, '14-29 дней', 1, 14, 29, 5, 0.95, 1),
(30, '14-29 дней', 1, 14, 29, 6, 0.95, 1),
(31, '30-59 дней', 1, 30, 59, 5, 0.86, 1),
(32, '30-59 дней', 1, 30, 59, 6, 0.86, 1),
(33, '60-89 дней', 1, 60, 89, 5, 0.76, 1),
(34, '60-89 дней', 1, 60, 89, 6, 0.76, 1),
(35, '90 дней до 1 года', 1, 90, 356, 5, 0.7, 1),
(36, '90 дней до 1 года', 1, 90, 356, 6, 0.7, 1),
(37, '1-6 дней', 1, 1, 6, 7, 0.95, 1),
(38, '7-13 дней', 1, 7, 13, 7, 0.91, 1),
(39, '14-29 дней', 1, 14, 29, 7, 0.84, 1),
(40, '30-59 дней', 1, 30, 59, 7, 0.76, 1),
(41, '60-89 дней', 1, 60, 89, 7, 0.67, 1),
(42, '90 дней до 1 года', 1, 90, 356, 7, 0.62, 1),
(43, '1-6 дней', 1, 1, 6, 8, 1.47, 1),
(44, '7-13 дней', 1, 7, 13, 8, 1.41, 1),
(45, '14-29 дней', 1, 14, 29, 8, 1.29, 1),
(46, '30-59 дней', 1, 30, 59, 8, 1.18, 1),
(47, '60-89 дней', 1, 60, 89, 8, 1.03, 1),
(48, '90 дней до 1 года', 1, 90, 356, 8, 0.96, 1),
(49, '1-6 дней', 1, 1, 6, 9, 1.99, 1),
(50, '7-13 дней', 1, 7, 13, 9, 1.91, 1),
(51, '14-29 дней', 1, 14, 29, 9, 1.75, 1),
(52, '30-59 дней', 1, 30, 59, 9, 1.59, 1),
(53, '60-89 дней', 1, 60, 89, 9, 1.39, 1),
(54, '90 дней до 1 года', 1, 90, 356, 9, 1.29, 1),
(55, '1-6 дней', 1, 1, 6, 10, 2.13, 1),
(56, '7-13 дней', 1, 7, 13, 10, 2.04, 1),
(57, '14-29 дней', 1, 14, 29, 10, 1.87, 1),
(58, '30-59 дней', 1, 30, 59, 10, 1.7, 1),
(59, '60-89 дней', 1, 60, 89, 10, 1.49, 1),
(60, '90 дней до 1 года', 1, 90, 356, 10, 1.38, 1),
(61, '1-6 дней', 1, 1, 6, 11, 2.66, 1),
(62, '7-13 дней', 1, 7, 13, 11, 2.55, 1),
(63, '14-29 дней', 1, 14, 29, 11, 2.34, 1),
(64, '30-59 дней', 1, 30, 59, 11, 2.13, 1),
(65, '60-89 дней', 1, 60, 89, 11, 1.86, 1),
(66, '90 дней до 1 года', 1, 90, 356, 11, 1.73, 1),
(67, '1-6 дней', 1, 1, 6, 12, 3.3, 1),
(68, '7-13 дней', 1, 7, 13, 12, 3.17, 1),
(69, '14-29 дней', 1, 14, 29, 12, 2.9, 1),
(70, '30-59 дней', 1, 30, 59, 12, 2.64, 1),
(71, '60-89 дней', 1, 60, 89, 12, 2.31, 1),
(72, '90 дней до 1 года', 1, 90, 356, 12, 2.15, 1),
(73, '1-6 дней', 3, 1, 6, 1, 0.82, 1),
(74, '1-6 дней', 3, 1, 6, 2, 0.82, 1),
(75, '7-13 дней', 3, 7, 13, 1, 0.78, 1),
(76, '7-13 дней', 3, 7, 13, 2, 0.78, 1),
(77, '14-29 дней', 3, 14, 29, 1, 0.72, 1),
(78, '14-29 дней', 3, 14, 29, 2, 0.72, 1),
(79, '30-59 дней', 3, 30, 59, 1, 0.65, 1),
(80, '30-59 дней', 3, 30, 59, 2, 0.65, 1),
(81, '60-89 дней', 3, 60, 89, 1, 0.57, 1),
(82, '60-89 дней', 3, 60, 89, 2, 0.57, 1),
(83, '90 дней до 1 года', 3, 90, 356, 1, 0.53, 1),
(84, '90 дней до 1 года', 3, 90, 356, 2, 0.53, 1),
(85, '1-6 дней', 3, 1, 6, 3, 1.06, 1),
(86, '1-6 дней', 3, 1, 6, 4, 1.06, 1),
(87, '7-13 дней', 3, 7, 13, 3, 1.01, 1),
(88, '7-13 дней', 3, 7, 13, 4, 1.01, 1),
(89, '14-29 дней', 3, 14, 29, 3, 0.93, 1),
(90, '14-29 дней', 3, 14, 29, 4, 0.93, 1),
(91, '30-59 дней', 3, 30, 59, 3, 0.84, 1),
(92, '30-59 дней', 3, 30, 59, 4, 0.84, 1),
(93, '60-89 дней', 3, 60, 89, 3, 0.74, 1),
(94, '60-89 дней', 3, 60, 89, 4, 0.74, 1),
(95, '90 дней до 1 года', 3, 90, 356, 3, 0.69, 1),
(96, '90 дней до 1 года', 3, 90, 356, 4, 0.69, 1),
(97, '1-6 дней', 3, 1, 6, 5, 1.3, 1),
(98, '1-6 дней', 3, 1, 6, 6, 1.3, 1),
(99, '7-13 дней', 3, 7, 13, 5, 1.24, 1),
(100, '7-13 дней', 3, 7, 13, 6, 1.024, 1),
(101, '14-29 дней', 3, 14, 29, 5, 1.14, 1),
(102, '14-29 дней', 3, 14, 29, 6, 1.14, 1),
(103, '30-59 дней', 3, 30, 59, 5, 1.04, 1),
(104, '30-59 дней', 3, 30, 59, 6, 1.04, 1),
(105, '60-89 дней', 3, 60, 89, 5, 0.91, 1),
(106, '60-89 дней', 3, 60, 89, 6, 0.91, 1),
(107, '90 дней до 1 года', 3, 90, 356, 5, 0.84, 1),
(108, '90 дней до 1 года', 3, 90, 356, 6, 0.84, 1),
(109, '1-6 дней', 3, 1, 6, 7, 1.14, 1),
(110, '7-13 дней', 3, 7, 13, 7, 1.09, 1),
(111, '14-29 дней', 3, 14, 29, 7, 1, 1),
(112, '30-59 дней', 3, 30, 59, 7, 0.91, 1),
(113, '60-89 дней', 3, 60, 89, 7, 0.8, 1),
(114, '90 дней до 1 года', 3, 90, 356, 7, 0.74, 1),
(115, '1-6 дней', 3, 1, 6, 8, 1.76, 1),
(116, '7-13 дней', 3, 7, 13, 8, 1.69, 1),
(117, '14-29 дней', 3, 14, 29, 8, 1.55, 1),
(118, '30-59 дней', 3, 30, 59, 8, 1.41, 1),
(119, '60-89 дней', 3, 60, 89, 8, 1.23, 1),
(120, '90 дней до 1 года', 3, 90, 356, 8, 1.15, 1),
(121, '1-6 дней', 3, 1, 6, 9, 2.39, 1),
(122, '7-13 дней', 3, 7, 13, 9, 2.29, 1),
(123, '14-29 дней', 3, 14, 29, 9, 2.1, 1),
(124, '30-59 дней', 3, 30, 59, 9, 1.91, 1),
(125, '60-89 дней', 3, 60, 89, 9, 1.67, 1),
(126, '90 дней до 1 года', 3, 90, 356, 9, 1.55, 1),
(127, '1-6 дней', 3, 1, 6, 10, 2.56, 1),
(128, '7-13 дней', 3, 7, 13, 10, 2.45, 1),
(129, '14-29 дней', 3, 14, 29, 10, 2.25, 1),
(130, '30-59 дней', 3, 30, 59, 10, 2.04, 1),
(131, '60-89 дней', 3, 60, 89, 10, 1.79, 1),
(132, '90 дней до 1 года', 3, 90, 356, 10, 1.66, 1),
(133, '1-6 дней', 3, 1, 6, 11, 3.19, 1),
(134, '7-13 дней', 3, 7, 13, 11, 3.06, 1),
(135, '14-29 дней', 3, 14, 29, 11, 2.81, 1),
(136, '30-59 дней', 3, 30, 59, 11, 2.55, 1),
(137, '60-89 дней', 3, 60, 89, 11, 2.23, 1),
(138, '90 дней до 1 года', 3, 90, 356, 11, 2.07, 1),
(139, '1-6 дней', 3, 1, 6, 12, 3.96, 1),
(140, '7-13 дней', 3, 7, 13, 12, 3.8, 1),
(141, '14-29 дней', 3, 14, 29, 12, 3.48, 1),
(142, '30-59 дней', 3, 30, 59, 12, 3.17, 1),
(143, '60-89 дней', 3, 60, 89, 12, 2.77, 1),
(144, '90 дней до 1 года', 3, 90, 356, 12, 2.57, 1),
(145, '1-6 дней', 4, 1, 6, 1, 2.47, 1),
(146, '1-6 дней', 4, 1, 6, 2, 2.47, 1),
(147, '7-13 дней', 4, 7, 13, 1, 2.37, 1),
(148, '7-13 дней', 4, 7, 13, 2, 2.37, 1),
(149, '14-29 дней', 4, 14, 29, 1, 2.17, 1),
(150, '14-29 дней', 4, 14, 29, 2, 2.17, 1),
(151, '30-59 дней', 4, 30, 59, 1, 1.98, 1),
(152, '30-59 дней', 4, 30, 59, 2, 1.98, 1),
(153, '60-89 дней', 4, 60, 89, 1, 1.73, 1),
(154, '60-89 дней', 4, 60, 89, 2, 1.73, 1),
(155, '90 дней до 1 года', 4, 90, 356, 1, 1.61, 1),
(156, '90 дней до 1 года', 4, 90, 356, 2, 1.61, 1),
(157, '1-6 дней', 4, 1, 6, 3, 3.17, 1),
(158, '1-6 дней', 4, 1, 6, 4, 3.17, 1),
(159, '7-13 дней', 4, 7, 13, 3, 3.04, 1),
(160, '7-13 дней', 4, 7, 13, 4, 3.04, 1),
(161, '14-29 дней', 4, 14, 29, 3, 2.79, 1),
(162, '14-29 дней', 4, 14, 29, 4, 2.79, 1),
(163, '30-59 дней', 4, 30, 59, 3, 2.54, 1),
(164, '30-59 дней', 4, 30, 59, 4, 2.54, 1),
(165, '60-89 дней', 4, 60, 89, 3, 2.22, 1),
(166, '60-89 дней', 4, 60, 89, 4, 2.22, 1),
(167, '90 дней до 1 года', 4, 90, 356, 3, 2.06, 1),
(168, '90 дней до 1 года', 4, 90, 356, 4, 2.06, 1),
(169, '1-6 дней', 4, 1, 6, 5, 3.88, 1),
(170, '1-6 дней', 4, 1, 6, 6, 3.88, 1),
(171, '7-13 дней', 4, 7, 13, 5, 3.72, 1),
(172, '7-13 дней', 4, 7, 13, 6, 3.72, 1),
(173, '14-29 дней', 4, 14, 29, 5, 3.41, 1),
(174, '14-29 дней', 4, 14, 29, 6, 3.41, 1),
(175, '30-59 дней', 4, 30, 59, 5, 3.1, 1),
(176, '30-59 дней', 4, 30, 59, 6, 3.1, 1),
(177, '60-89 дней', 4, 60, 89, 5, 2.72, 1),
(178, '60-89 дней', 4, 60, 89, 6, 2.72, 1),
(179, '90 дней до 1 года', 4, 90, 356, 5, 2.52, 1),
(180, '90 дней до 1 года', 4, 90, 356, 6, 2.52, 1),
(181, '1-6 дней', 4, 1, 6, 7, 3.42, 1),
(182, '7-13 дней', 4, 7, 13, 7, 3.28, 1),
(183, '14-29 дней', 4, 14, 29, 7, 3.01, 1),
(184, '30-59 дней', 4, 30, 59, 7, 2.74, 1),
(185, '60-89 дней', 4, 60, 89, 7, 2.39, 1),
(186, '90 дней до 1 года', 4, 90, 356, 7, 2.22, 1),
(187, '1-6 дней', 4, 1, 6, 8, 5.28, 1),
(188, '7-13 дней', 4, 7, 13, 8, 5.07, 1),
(189, '14-29 дней', 4, 14, 29, 8, 4.65, 1),
(190, '30-59 дней', 4, 30, 59, 8, 4.22, 1),
(191, '60-89 дней', 4, 60, 89, 8, 3.7, 1),
(192, '90 дней до 1 года', 4, 90, 356, 8, 3.43, 1),
(193, '1-6 дней', 4, 1, 6, 9, 7.17, 1),
(194, '7-13 дней', 4, 7, 13, 9, 6.88, 1),
(195, '14-29 дней', 4, 14, 29, 9, 6.31, 1),
(196, '30-59 дней', 4, 30, 59, 9, 5.74, 1),
(197, '60-89 дней', 4, 60, 89, 9, 5.02, 1),
(198, '90 дней до 1 года', 4, 90, 356, 9, 4.66, 1),
(199, '1-6 дней', 4, 1, 6, 10, 7.68, 1),
(200, '7-13 дней', 4, 7, 13, 10, 7.37, 1),
(201, '14-29 дней', 4, 14, 29, 10, 6.76, 1),
(202, '30-59 дней', 4, 30, 59, 10, 6.14, 1),
(203, '60-89 дней', 4, 60, 89, 10, 5.38, 1),
(204, '90 дней до 1 года', 4, 90, 356, 10, 4.99, 1),
(205, '1-6 дней', 4, 1, 6, 11, 9.6, 1),
(206, '7-13 дней', 4, 7, 13, 11, 9.22, 1),
(207, '14-29 дней', 4, 14, 29, 11, 8.45, 1),
(208, '30-59 дней', 4, 30, 59, 11, 7.68, 1),
(209, '60-89 дней', 4, 60, 89, 11, 6.72, 1),
(210, '90 дней до 1 года', 4, 90, 356, 11, 6.24, 1),
(211, '1-6 дней', 4, 1, 6, 12, 11.92, 1),
(212, '7-13 дней', 4, 7, 13, 12, 11.44, 1),
(213, '14-29 дней', 4, 14, 29, 12, 10.49, 1),
(214, '30-59 дней', 4, 30, 59, 12, 9.54, 1),
(215, '60-89 дней', 4, 60, 89, 12, 8.34, 1),
(216, '90 дней до 1 года', 4, 90, 356, 12, 7.75, 1),
(217, '1 год (180 дней)', 5, 1, 180, 1, 120, 1),
(218, '1 год (180 дней)', 5, 1, 180, 2, 120, 1),
(219, '1 год (90 дней)', 5, 1, 90, 1, 55, 1),
(220, '1 год (90 дней)', 5, 1, 90, 2, 55, 1),
(221, '1 год (60 дней)', 5, 1, 60, 1, 40, 1),
(222, '1 год (60 дней)', 5, 1, 60, 2, 40, 1),
(223, '6 месяцев (45 дней)', 5, 1, 45, 1, 30, 1),
(224, '6 месяцев (45 дней)', 5, 1, 45, 2, 30, 1),
(225, '3 месяца (30 дней)', 5, 1, 30, 1, 20, 1),
(226, '3 месяца (30 дней)', 5, 1, 30, 2, 20, 1),
(227, '1 месяц (15 дней)', 5, 1, 15, 1, 15, 1),
(228, '1 месяц (15 дней)', 5, 1, 15, 2, 15, 1),
(229, '1 год (180 дней)', 5, 1, 180, 3, 135, 1),
(230, '1 год (180 дней)', 5, 1, 180, 4, 135, 1),
(231, '1 год (90 дней)', 5, 1, 90, 3, 65, 1),
(232, '1 год (90 дней)', 5, 1, 90, 4, 65, 1),
(233, '1 год (60 дней)', 5, 1, 60, 3, 45, 1),
(234, '1 год (60 дней)', 5, 1, 60, 4, 45, 1),
(235, '6 месяцев (45 дней)', 5, 1, 45, 3, 35, 1),
(236, '6 месяцев (45 дней)', 5, 1, 45, 4, 35, 1),
(237, '3 месяца (30 дней)', 5, 1, 30, 3, 25, 1),
(238, '3 месяца (30 дней)', 5, 1, 30, 4, 25, 1),
(239, '1 месяц (15 дней)', 5, 1, 15, 3, 20, 1),
(240, '1 месяц (15 дней)', 5, 1, 15, 4, 20, 1),
(241, '1 год (180 дней)', 5, 1, 180, 5, 150, 1),
(242, '1 год (180 дней)', 5, 1, 180, 6, 150, 1),
(243, '1 год (90 дней)', 5, 1, 90, 5, 75, 1),
(244, '1 год (90 дней)', 5, 1, 90, 6, 75, 1),
(245, '1 год (60 дней)', 5, 1, 60, 5, 50, 1),
(246, '1 год (60 дней)', 5, 1, 60, 6, 50, 1),
(247, '6 месяцев (45 дней)', 5, 1, 45, 5, 45, 1),
(248, '6 месяцев (45 дней)', 5, 1, 45, 6, 45, 1),
(249, '3 месяца (30 дней)', 5, 1, 30, 5, 35, 1),
(250, '3 месяца (30 дней)', 5, 1, 30, 6, 35, 1),
(251, '1 месяц (15 дней)', 5, 1, 15, 5, 25, 1),
(252, '1 месяц (15 дней)', 5, 1, 15, 6, 25, 1),
(253, '1 год (180 дней)', 5, 1, 180, 7, 140, 1),
(254, '1 год (90 дней)', 5, 1, 90, 7, 70, 1),
(255, '1 год (60 дней)', 5, 1, 60, 7, 55, 1),
(256, '6 месяцев (45 дней)', 5, 1, 45, 7, 40, 1),
(257, '3 месяца (30 дней)', 5, 1, 30, 7, 30, 1),
(258, '1 месяц (15 дней)', 5, 1, 15, 7, 25, 1),
(259, '1 год (180 дней)', 5, 1, 180, 8, 205, 1),
(260, '1 год (90 дней)', 5, 1, 90, 8, 105, 1),
(261, '1 год (60 дней)', 5, 1, 60, 8, 80, 1),
(262, '6 месяцев (45 дней)', 5, 1, 45, 8, 60, 1),
(263, '3 месяца (30 дней)', 5, 1, 30, 8, 48, 1),
(264, '1 месяц (15 дней)', 5, 1, 15, 8, 30, 1),
(265, '1 год (180 дней)', 5, 1, 180, 9, 260, 1),
(266, '1 год (90 дней)', 5, 1, 90, 9, 130, 1),
(267, '1 год (60 дней)', 5, 1, 60, 9, 105, 1),
(268, '6 месяцев (45 дней)', 5, 1, 45, 9, 75, 1),
(269, '3 месяца (30 дней)', 5, 1, 30, 9, 55, 1),
(270, '1 месяц (15 дней)', 5, 1, 15, 9, 40, 1),
(271, '1 год (180 дней)', 5, 1, 180, 10, 210, 1),
(272, '1 год (90 дней)', 5, 1, 90, 10, 105, 1),
(273, '1 год (60 дней)', 5, 1, 60, 10, 85, 1),
(274, '6 месяцев (45 дней)', 5, 1, 45, 10, 60, 1),
(275, '3 месяца (30 дней)', 5, 1, 30, 10, 45, 1),
(276, '1 месяц (15 дней)', 5, 1, 15, 10, 40, 1),
(277, '1 год (180 дней)', 5, 1, 180, 11, 310, 1),
(278, '1 год (90 дней)', 5, 1, 90, 11, 160, 1),
(279, '1 год (60 дней)', 5, 1, 60, 11, 120, 1),
(280, '6 месяцев (45 дней)', 5, 1, 45, 11, 90, 1),
(281, '3 месяца (30 дней)', 5, 1, 30, 11, 70, 1),
(282, '1 месяц (15 дней)', 5, 1, 15, 11, 45, 1),
(283, '1 год (180 дней)', 5, 1, 180, 12, 400, 1),
(284, '1 год (90 дней)', 5, 1, 90, 12, 195, 1),
(285, '1 год (60 дней)', 5, 1, 60, 12, 160, 1),
(286, '6 месяцев (45 дней)', 5, 1, 45, 12, 115, 1),
(287, '3 месяца (30 дней)', 5, 1, 30, 12, 85, 1),
(288, '1 месяц (15 дней)', 5, 1, 15, 12, 60, 1),
(289, '1 год (180 дней)', 6, 1, 180, 1, 120, 1),
(290, '1 год (180 дней)', 6, 1, 180, 2, 120, 1),
(291, '1 год (90 дней)', 6, 1, 90, 1, 55, 1),
(292, '1 год (90 дней)', 6, 1, 90, 2, 55, 1),
(293, '1 год (60 дней)', 6, 1, 60, 1, 40, 1),
(294, '1 год (60 дней)', 6, 1, 60, 2, 40, 1),
(295, '6 месяцев (45 дней)', 6, 1, 45, 1, 30, 1),
(296, '6 месяцев (45 дней)', 6, 1, 45, 2, 30, 1),
(297, '3 месяца (30 дней)', 6, 1, 30, 1, 20, 1),
(298, '3 месяца (30 дней)', 6, 1, 30, 2, 20, 1),
(299, '1 месяц (15 дней)', 6, 1, 15, 1, 15, 1),
(300, '1 месяц (15 дней)', 6, 1, 15, 2, 15, 1),
(301, '1 год (180 дней)', 6, 1, 180, 3, 135, 1),
(302, '1 год (180 дней)', 6, 1, 180, 4, 135, 1),
(303, '1 год (90 дней)', 6, 1, 90, 3, 65, 1),
(304, '1 год (90 дней)', 6, 1, 90, 4, 65, 1),
(305, '1 год (60 дней)', 6, 1, 60, 3, 45, 1),
(306, '1 год (60 дней)', 6, 1, 60, 4, 45, 1),
(307, '6 месяцев (45 дней)', 6, 1, 45, 3, 35, 1),
(308, '6 месяцев (45 дней)', 6, 1, 45, 4, 35, 1),
(309, '3 месяца (30 дней)', 6, 1, 30, 3, 25, 1),
(310, '3 месяца (30 дней)', 6, 1, 30, 4, 25, 1),
(311, '1 месяц (15 дней)', 6, 1, 15, 3, 20, 1),
(312, '1 месяц (15 дней)', 6, 1, 15, 4, 20, 1),
(313, '1 год (180 дней)', 6, 1, 180, 5, 150, 1),
(314, '1 год (180 дней)', 6, 1, 180, 6, 150, 1),
(315, '1 год (90 дней)', 6, 1, 90, 5, 75, 1),
(316, '1 год (90 дней)', 6, 1, 90, 6, 75, 1),
(317, '1 год (60 дней)', 6, 1, 60, 5, 50, 1),
(318, '1 год (60 дней)', 6, 1, 60, 6, 50, 1),
(319, '6 месяцев (45 дней)', 6, 1, 45, 5, 45, 1),
(320, '6 месяцев (45 дней)', 6, 1, 45, 6, 45, 1),
(321, '3 месяца (30 дней)', 6, 1, 30, 5, 35, 1),
(322, '3 месяца (30 дней)', 6, 1, 30, 6, 35, 1),
(323, '1 месяц (15 дней)', 6, 1, 15, 5, 25, 1),
(324, '1 месяц (15 дней)', 6, 1, 15, 6, 25, 1),
(325, '1 год (180 дней)', 6, 1, 180, 7, 140, 1),
(326, '1 год (90 дней)', 6, 1, 90, 7, 70, 1),
(327, '1 год (60 дней)', 6, 1, 60, 7, 55, 1),
(328, '6 месяцев (45 дней)', 6, 1, 45, 7, 40, 1),
(329, '3 месяца (30 дней)', 6, 1, 30, 7, 30, 1),
(330, '1 месяц (15 дней)', 6, 1, 15, 7, 25, 1),
(331, '1 год (180 дней)', 6, 1, 180, 8, 205, 1),
(332, '1 год (90 дней)', 6, 1, 90, 8, 105, 1),
(333, '1 год (60 дней)', 6, 1, 60, 8, 80, 1),
(334, '6 месяцев (45 дней)', 6, 1, 45, 8, 60, 1),
(335, '3 месяца (30 дней)', 6, 1, 30, 8, 48, 1),
(336, '1 месяц (15 дней)', 6, 1, 15, 8, 30, 1),
(337, '1 год (180 дней)', 6, 1, 180, 9, 260, 1),
(338, '1 год (90 дней)', 6, 1, 90, 9, 130, 1),
(339, '1 год (60 дней)', 6, 1, 60, 9, 105, 1),
(340, '6 месяцев (45 дней)', 6, 1, 45, 9, 75, 1),
(341, '3 месяца (30 дней)', 6, 1, 30, 9, 55, 1),
(342, '1 месяц (15 дней)', 6, 1, 15, 9, 40, 1),
(343, '1 год (180 дней)', 6, 1, 180, 10, 210, 1),
(344, '1 год (90 дней)', 6, 1, 90, 10, 105, 1),
(345, '1 год (60 дней)', 6, 1, 60, 10, 85, 1),
(346, '6 месяцев (45 дней)', 6, 1, 45, 10, 60, 1),
(347, '3 месяца (30 дней)', 6, 1, 30, 10, 45, 1),
(348, '1 месяц (15 дней)', 6, 1, 15, 10, 40, 1),
(349, '1 год (180 дней)', 6, 1, 180, 11, 310, 1),
(350, '1 год (90 дней)', 6, 1, 90, 11, 160, 1),
(351, '1 год (60 дней)', 6, 1, 60, 11, 120, 1),
(352, '6 месяцев (45 дней)', 6, 1, 45, 11, 90, 1),
(353, '3 месяца (30 дней)', 6, 1, 30, 11, 70, 1),
(354, '1 месяц (15 дней)', 6, 1, 15, 11, 45, 1),
(355, '1 год (180 дней)', 6, 1, 180, 12, 400, 1),
(356, '1 год (90 дней)', 6, 1, 90, 12, 195, 1),
(357, '1 год (60 дней)', 6, 1, 60, 12, 160, 1),
(358, '6 месяцев (45 дней)', 6, 1, 45, 12, 115, 1),
(359, '3 месяца (30 дней)', 6, 1, 30, 12, 85, 1),
(360, '1 месяц (15 дней)', 6, 1, 15, 12, 60, 1),
(361, '1 год (180 дней)', 7, 1, 180, 1, 145, 1),
(362, '1 год (180 дней)', 7, 1, 180, 2, 145, 1),
(363, '1 год (90 дней)', 7, 1, 90, 1, 65, 1),
(364, '1 год (90 дней)', 7, 1, 90, 2, 65, 1),
(365, '1 год (60 дней)', 7, 1, 60, 1, 50, 1),
(366, '1 год (60 дней)', 7, 1, 60, 2, 50, 1),
(367, '6 месяцев (45 дней)', 7, 1, 45, 1, 40, 1),
(368, '6 месяцев (45 дней)', 7, 1, 45, 2, 40, 1),
(369, '3 месяца (30 дней)', 7, 1, 30, 1, 25, 1),
(370, '3 месяца (30 дней)', 7, 1, 30, 2, 25, 1),
(371, '1 месяц (15 дней)', 7, 1, 15, 1, 20, 1),
(372, '1 месяц (15 дней)', 7, 1, 15, 2, 20, 1),
(373, '1 год (180 дней)', 7, 1, 180, 3, 165, 1),
(374, '1 год (180 дней)', 7, 1, 180, 4, 165, 1),
(375, '1 год (90 дней)', 7, 1, 90, 3, 80, 1),
(376, '1 год (90 дней)', 7, 1, 90, 4, 80, 1),
(377, '1 год (60 дней)', 7, 1, 60, 3, 55, 1),
(378, '1 год (60 дней)', 7, 1, 60, 4, 55, 1),
(379, '6 месяцев (45 дней)', 7, 1, 45, 3, 45, 1),
(380, '6 месяцев (45 дней)', 7, 1, 45, 4, 45, 1),
(381, '3 месяца (30 дней)', 7, 1, 30, 3, 30, 1),
(382, '3 месяца (30 дней)', 7, 1, 30, 4, 30, 1),
(383, '1 месяц (15 дней)', 7, 1, 15, 3, 25, 1),
(384, '1 месяц (15 дней)', 7, 1, 15, 4, 25, 1),
(385, '1 год (180 дней)', 7, 1, 180, 5, 180, 1),
(386, '1 год (180 дней)', 7, 1, 180, 6, 180, 1),
(387, '1 год (90 дней)', 7, 1, 90, 5, 90, 1),
(388, '1 год (90 дней)', 7, 1, 90, 6, 90, 1),
(389, '1 год (60 дней)', 7, 1, 60, 5, 60, 1),
(390, '1 год (60 дней)', 7, 1, 60, 6, 60, 1),
(391, '6 месяцев (45 дней)', 7, 1, 45, 5, 55, 1),
(392, '6 месяцев (45 дней)', 7, 1, 45, 6, 55, 1),
(393, '3 месяца (30 дней)', 7, 1, 30, 5, 45, 1),
(394, '3 месяца (30 дней)', 7, 1, 30, 6, 45, 1),
(395, '1 месяц (15 дней)', 7, 1, 15, 5, 30, 1),
(396, '1 месяц (15 дней)', 7, 1, 15, 6, 30, 1),
(397, '1 год (180 дней)', 7, 1, 180, 7, 170, 1),
(398, '1 год (90 дней)', 7, 1, 90, 7, 85, 1),
(399, '1 год (60 дней)', 7, 1, 60, 7, 65, 1),
(400, '6 месяцев (45 дней)', 7, 1, 45, 7, 50, 1),
(401, '3 месяца (30 дней)', 7, 1, 30, 7, 35, 1),
(402, '1 месяц (15 дней)', 7, 1, 15, 7, 30, 1),
(403, '1 год (180 дней)', 7, 1, 180, 8, 245, 1),
(404, '1 год (90 дней)', 7, 1, 90, 8, 125, 1),
(405, '1 год (60 дней)', 7, 1, 60, 8, 95, 1),
(406, '6 месяцев (45 дней)', 7, 1, 45, 8, 75, 1),
(407, '3 месяца (30 дней)', 7, 1, 30, 8, 55, 1),
(408, '1 месяц (15 дней)', 7, 1, 15, 8, 35, 1),
(409, '1 год (180 дней)', 7, 1, 180, 9, 315, 1),
(410, '1 год (90 дней)', 7, 1, 90, 9, 155, 1),
(411, '1 год (60 дней)', 7, 1, 60, 9, 125, 1),
(412, '6 месяцев (45 дней)', 7, 1, 45, 9, 90, 1),
(413, '3 месяца (30 дней)', 7, 1, 30, 9, 65, 1),
(414, '1 месяц (15 дней)', 7, 1, 15, 9, 45, 1),
(415, '1 год (180 дней)', 7, 1, 180, 10, 255, 1),
(416, '1 год (90 дней)', 7, 1, 90, 10, 125, 1),
(417, '1 год (60 дней)', 7, 1, 60, 10, 105, 1),
(418, '6 месяцев (45 дней)', 7, 1, 45, 10, 75, 1),
(419, '3 месяца (30 дней)', 7, 1, 30, 10, 55, 1),
(420, '1 месяц (15 дней)', 7, 1, 15, 10, 50, 1),
(421, '1 год (180 дней)', 7, 1, 180, 11, 375, 1),
(422, '1 год (90 дней)', 7, 1, 90, 11, 195, 1),
(423, '1 год (60 дней)', 7, 1, 60, 11, 145, 1),
(424, '6 месяцев (45 дней)', 7, 1, 45, 11, 110, 1),
(425, '3 месяца (30 дней)', 7, 1, 30, 11, 85, 1),
(426, '1 месяц (15 дней)', 7, 1, 15, 11, 55, 1),
(427, '1 год (180 дней)', 7, 1, 180, 12, 480, 1),
(428, '1 год (90 дней)', 7, 1, 90, 12, 235, 1),
(429, '1 год (60 дней)', 7, 1, 60, 12, 195, 1),
(430, '6 месяцев (45 дней)', 7, 1, 45, 12, 140, 1),
(431, '3 месяца (30 дней)', 7, 1, 30, 12, 105, 1),
(432, '1 месяц (15 дней)', 7, 1, 15, 12, 75, 1);

-- --------------------------------------------------------

--
-- Структура таблицы `users`
--

CREATE TABLE `users` (
  `id` int NOT NULL,
  `firstname` varchar(100) NOT NULL,
  `lastname` varchar(100) NOT NULL,
  `email` varchar(50) NOT NULL,
  `mobilenumber` varchar(50) NOT NULL,
  `password` varchar(255) NOT NULL,
  `token` varchar(255) NOT NULL,
  `is_active` enum('0','1') NOT NULL,
  `date_time` date NOT NULL
) ENGINE=InnoDB DEFAULT CHARSET=utf8mb3;

--
-- Дамп данных таблицы `users`
--

INSERT INTO `users` (`id`, `firstname`, `lastname`, `email`, `mobilenumber`, `password`, `token`, `is_active`, `date_time`) VALUES
(1, 'admin', 'admin', 'zendarol@mail.ru', '8747664410', '$2y$10$6R89/Grl5/r9z9RINNLsluef/xsH112p0gIGOctW/22Uqzx0YmGN2', '93b2631351b8b7d657daf77f7982e17a', '1', '2021-11-12');

-- --------------------------------------------------------

--
-- Структура таблицы `visit_targets`
--

CREATE TABLE `visit_targets` (
  `id` bigint NOT NULL,
  `name` text COLLATE utf8mb4_unicode_ci NOT NULL,
  `risks` text COLLATE utf8mb4_unicode_ci NOT NULL,
  `multiply_type` tinyint(1) NOT NULL DEFAULT '0',
  `is_active` tinyint(1) NOT NULL DEFAULT '1'
) ENGINE=InnoDB DEFAULT CHARSET=utf8mb4 COLLATE=utf8mb4_unicode_ci;

--
-- Дамп данных таблицы `visit_targets`
--

INSERT INTO `visit_targets` (`id`, `name`, `risks`, `multiply_type`, `is_active`) VALUES
(1, 'Цель поездки Туризм, гостевые поездки (программа Travel, Travel Active)', '1.Расходы по оказанию неотложной медицинской помощи (визит и консультация врача)\r\n2. Расходы на медикаменты. Лимит на одного Застрахованного: 50 $/€ \r\n3. Расходы на организацию и оказание экстренной стационарной помощи\r\n4. Расходы на стоматологическую помощь.  Лимит на одного Застрахованного:\r\n5. Расходы, связанные с медицинской эвакуацией Застрахованного до международного порта страны постоянного проживания\r\n6. Репатриация Застрахованного в страну постоянного проживания\"', 0, 1),
(2, 'Цель поездки Туризм, гостевые поездки (программа Travel, Travel Active)+ риск возврата детей', '1.Расходы по оказанию неотложной медицинской помощи (визит и консультация врача)\r\n2. Расходы на медикаменты. Лимит на одного Застрахованного: 50 $/€ \r\n3. Расходы на организацию и оказание экстренной стационарной помощи\r\n4. Расходы на стоматологическую помощь.  Лимит на одного Застрахованного:\r\n5. Расходы, связанные с медицинской эвакуацией Застрахованного до международного порта страны постоянного проживания\r\n6. Репатриация Застрахованного в страну постоянного проживания\r\n7. Расходы на возвращение застрахованных детей до 16 лет в случае госпитализации или смерти взрослого Застрахованного', 0, 1),
(3, 'Цель поездки Бизнес, деловые поездки (Программа Bussines, Bussines Active)', '1.Расходы по оказанию неотложной медицинской помощи (визит и консультация врача)\r\n2. Расходы на медикаменты.  Лимит на одного Застрахованного: 70 $/€ \r\n3. Расходы на организацию и оказание экстренной стационарной помощи\r\n4. Расходы на стоматологическую помощь.  Лимит на одного Застрахованного:\r\n5. Расходы, связанные с медицинской эвакуацией Застрахованного до международного порта страны постоянного проживания\r\n6. Репатриация Застрахованного в страну постоянного проживания\r\n7. Помощь в поиске и возвращении утерянного багажа', 0, 1),
(4, 'Цель поездки Профессиональный спорт (Программа Sport)', '1.Расходы по оказанию неотложной медицинской помощи (визит и консультация врача)\r\n2. Расходы на медикаменты. Лимит на одного Застрахованного: 50 $/€ \r\n3. Расходы на организацию и оказание экстренной стационарной помощи\r\n4. Расходы на стоматологическую помощь.  Лимит на одного Застрахованного:\r\n5. Расходы, связанные с медицинской эвакуацией Застрахованного до международного порта страны постоянного проживания\r\n6. Репатриация Застрахованного в страну постоянного проживания', 0, 1),
(5, 'Многократные поездки (Программа Multy Travel, Multy Travel Active)', '1.Расходы по оказанию неотложной медицинской помощи (визит и консультация врача)\r\n2. Расходы на медикаменты. Лимит на одного Застрахованного: 50 $/€ \r\n3. Расходы на организацию и оказание экстренной стационарной помощи\r\n4. Расходы на стоматологическую помощь.  Лимит на одного Застрахованного:\r\n5. Расходы, связанные с медицинской эвакуацией Застрахованного до международного порта страны постоянного проживания\r\n6. Репатриация Застрахованного в страну постоянного проживания', 1, 1),
(6, 'Многократные поездки (Программа Multy Travel, Multy Travel Active)+риск возвращение детей', '1.Расходы по оказанию неотложной медицинской помощи (визит и консультация врача)\r\n2. Расходы на медикаменты. Лимит на одного Застрахованного: 50 $/€ \r\n3. Расходы на организацию и оказание экстренной стационарной помощи\r\n4. Расходы на стоматологическую помощь.  Лимит на одного Застрахованного:\r\n5. Расходы, связанные с медицинской эвакуацией Застрахованного до международного порта страны постоянного проживания\r\n6. Репатриация Застрахованного в страну постоянного проживания\r\n7. Расходы на возвращение застрахованных детей до 16 лет в случае госпитализации или смерти взрослого Застрахованного', 1, 1),
(7, 'Многократные поездки (Программа Multy  Bussines, Multy Bussines Active)', '1.Расходы по оказанию неотложной медицинской помощи (визит и консультация врача)\r\n2. Расходы на медикаменты.  Лимит на одного Застрахованного: 70 $/€ \r\n3. Расходы на организацию и оказание экстренной стационарной помощи\r\n4. Расходы на стоматологическую помощь.  Лимит на одного Застрахованного:\r\n5. Расходы, связанные с медицинской эвакуацией Застрахованного до международного порта страны постоянного проживания\r\n6. Репатриация Застрахованного в страну постоянного проживания\r\n7. Помощь в поиске и возвращении утерянного багажа', 1, 1);

--
-- Индексы сохранённых таблиц
--

--
-- Индексы таблицы `countries`
--
ALTER TABLE `countries`
  ADD PRIMARY KEY (`id`);

--
-- Индексы таблицы `country_categories`
--
ALTER TABLE `country_categories`
  ADD PRIMARY KEY (`id`);

--
-- Индексы таблицы `insurances`
--
ALTER TABLE `insurances`
  ADD PRIMARY KEY (`id`);

--
-- Индексы таблицы `requests`
--
ALTER TABLE `requests`
  ADD PRIMARY KEY (`id`);

--
-- Индексы таблицы `tarifs`
--
ALTER TABLE `tarifs`
  ADD PRIMARY KEY (`id`);

--
-- Индексы таблицы `users`
--
ALTER TABLE `users`
  ADD PRIMARY KEY (`id`);

--
-- Индексы таблицы `visit_targets`
--
ALTER TABLE `visit_targets`
  ADD PRIMARY KEY (`id`);

--
-- AUTO_INCREMENT для сохранённых таблиц
--

--
-- AUTO_INCREMENT для таблицы `countries`
--
ALTER TABLE `countries`
  MODIFY `id` bigint NOT NULL AUTO_INCREMENT, AUTO_INCREMENT=226;

--
-- AUTO_INCREMENT для таблицы `country_categories`
--
ALTER TABLE `country_categories`
  MODIFY `id` bigint NOT NULL AUTO_INCREMENT, AUTO_INCREMENT=4;

--
-- AUTO_INCREMENT для таблицы `insurances`
--
ALTER TABLE `insurances`
  MODIFY `id` bigint NOT NULL AUTO_INCREMENT, AUTO_INCREMENT=13;

--
-- AUTO_INCREMENT для таблицы `requests`
--
ALTER TABLE `requests`
  MODIFY `id` bigint NOT NULL AUTO_INCREMENT, AUTO_INCREMENT=5;

--
-- AUTO_INCREMENT для таблицы `tarifs`
--
ALTER TABLE `tarifs`
  MODIFY `id` bigint NOT NULL AUTO_INCREMENT, AUTO_INCREMENT=433;

--
-- AUTO_INCREMENT для таблицы `users`
--
ALTER TABLE `users`
  MODIFY `id` int NOT NULL AUTO_INCREMENT, AUTO_INCREMENT=2;

--
-- AUTO_INCREMENT для таблицы `visit_targets`
--
ALTER TABLE `visit_targets`
  MODIFY `id` bigint NOT NULL AUTO_INCREMENT, AUTO_INCREMENT=8;
COMMIT;

/*!40101 SET CHARACTER_SET_CLIENT=@OLD_CHARACTER_SET_CLIENT */;
/*!40101 SET CHARACTER_SET_RESULTS=@OLD_CHARACTER_SET_RESULTS */;
/*!40101 SET COLLATION_CONNECTION=@OLD_COLLATION_CONNECTION */;
